{
    "attributes" : {
	    "attribute_id" : {
		    "bufferView" : "bufferViewWithVertices_id",
		    "byteOffset" : 0,
		    "byteStride" : 3,
		    "count" : 1024,
		    "type" : "FLOAT_VEC3",
		    "normalized" : false,
		    "max" : [-1.0, -1.0, -1.0],
		    "min" : [1.0, 1.0, 1.0]
		}
    },
    "name" : "application-visible globally-unique name",
    "primitives" : [{
	    "indices" : {
	        "bufferView" : "bufferViewWithIndices_id",
	        "byteOffset" : 0,
	        "count" : 1024,
	        "type" : "UNSIGNED_SHORT"
	    },
	    "material" : "material_id",
	    "primitive" : "TRIANGLES",
	    "semantics" : {    
	        "POSITION" : "attribute_id"
	    }
	}],
    "extra" : {
       "Application specific" : "The extra object can contain any properties."
    }
}
