{
    "name" : "application-visible globally-unique name",
    "parameters" : {
    },
    "technique" : "technique_id",
    "techniques" : {
		"technique_id" : {
		    "pass" : {
			    "program" : {
					"attributes" : [{
                        "semantic" : "POSITION",
				    	"symbol" : "position",
				    	"type" : "FLOAT_VEC3"
					}],
					"fragmentShader" : "fragmentShader_id",
					"vertexShader" : "vertexShader_id"
			    }
			}
		}
    },
    "extra" : {
       "Application specific" : "The extra object can contain any properties."
    }     
}
