{
    "cameras" : {
        "perspectiveCamera_id" : {
            "perspective" : {
                "aspectRatio" : 1.77,
                "yfov" : 0.7854,
                "zfar" : 1000,
                "znear" : 1
            }    
        },
        "orthographicCamera_id" : {
            "orthographic" : {
                "xmag" : 0.5,
                "ymag" : 0.5,
                "zfar" : 1000,
                "znear" : 1
            }    
        }
    },
    "version" : "0.1",
    "profile" : "WebGL 1.0"
}