{
    "materials" : {
        "material_id" : {
		    "name" : "application-visible globally-unique name",
		    "technique" : "technique_id",
		    "techniques" : {
				"technique_id" : {
				    "pass" : {
					    "program" : {
							"attributes" : [{
                                "semantic" : "POSITION",
						    	"symbol" : "position",
						    	"type" : "FLOAT_VEC3"
							}],
							"fragmentShader" : "fragmentShader_id",
							"vertexShader" : "vertexShader_id"
					    }
					}
				}
		    }
        }
    },
    "version" : "0.1",
    "profile" : "WebGL 1.0"
}