{
    "$schema" : "http://json-schema.org/draft-03/schema",
    "title" : "asset",
    "type" : "object",
    "description" : "Asset-management information for this model.",
    "properties" : {
        "copyright" : {
            "type" : "string",
            "description" : "A copyright message suitable for display to credit the model author."
        },
        "geographicLocation" : {
            "$ref" : "geographicLocation.schema.json"
        },
        "extra" : {
            "type" : "any",
            "description" : "Optional application-specific data."
        }
    },
    "additionalProperties" : false
}
