{
    "$schema" : "http://json-schema.org/draft-03/schema",
    "title" : "attribute",
    "type" : "object",
    "description" : "TODO",
    "properties": {
        "semantic" : {
            "type" : "string",
            "description" : "TODO",
            "required" : true
        },    
        "symbol" : {
            "type" : "string",
            "description" : "TODO",
            "required" : true
        },    
        "type" : {
            "type" : "string",
            "description" : "TODO",
            "required" : true
        },    
        "extra" : {
            "type" : "any",
            "description" : "Optional application-specific data."
        }
    },
    "additionalProperties" : false
}
