{
    "$schema" : "http://json-schema.org/draft-03/schema",
    "title" : "geographicLocation",
    "type" : "object",
    "description" : "Geographic location of the asset.",
    "properties" : {
        "longitude" : {
            "type" : "number",
            "description" : "The longitude of the asset as defined by the WGS84 world geodetic system in radians. Valid values range from -PI to PI radians.",
            "required" : true
        },            
        "latitude" : {
            "type" : "number",
            "description" : "The latitude of the asset as defined by the WGS84 world geodetic system in radians. Valid values range from -PI/2 to PI/2 radians.",
            "required" : true
        },            
        "altitude" : {
            "type" : "number",
            "description" : "The altitude of the asset.",
            "default" : 0
        },
        "altitudeMode" : {
            "type" : "string",
            "description" : "Altitude follows the Keyhole Markup Language (KML) standard rather than the WGS84 calculation of height. That is, it can be relative to terrain, or relative to sea level. This property indicates whether the altitude value should be interpreted as the distance in meters from sea level, \"absolute\", or from the altitude of the terrain at the latitude/longitude point, \"relativeToGround.\"",
            "enum" : ["absolute", "relativeToGround"],
            "default" : "relativeToGround"
        },
        "extra" : {
            "type" : "any",
            "description" : "Optional application-specific data."
        }
    },
    "additionalProperties" : false
}
