{
    "$schema" : "http://json-schema.org/draft-03/schema",
    "title" : "indices",
    "type" : "object",
    "description" : "drawElements()",
    "properties" : {
        "bufferView" : {
            "type" : "string",
            "description" : "The id (JSON property name) of the bufferView to reference for index data.",
            "required" : true
        },
        "byteOffset" : {
            "type" : "number",
            "description" : "The offset relative to the bufferView in bytes. Similar to drawElements indices (ES) / offset (WebGL) parameter.",
            "minimum" : 0,
            "required" : true
        },
        "count" : {
            "type" : "number",
            "description" : "The number of indices referenced, not to be confused with the number of bytes.  The drawElements count parameter.",
            "minimum" : 0,
            "required" : true
        },
        "type" : {
            "type" : "string",
            "description" : "drawElements() type parameter.  Corresponding typed array: Uint16Array.",
            "enum" : ["UNSIGNED_SHORT"],
            "required" : true
        },
        "extra" : {
            "type" : "any",
            "description" : "Optional application-specific data."
        }
    },
    "additionalProperties" : false
}
