{
    "$schema" : "http://json-schema.org/draft-03/schema",
    "title" : "meshAttribute",
    "type" : "object",
    "description" : "compliant with vertexAttribPointer() API",
    "properties" : {
        "bufferView" : {
            "type" : "string",
            "description" : "The id (JSON property name) of the bufferView referenced by this attribute.",
            "required" : true
        },
        "byteOffset" : {
            "type" : "number",
            "description" : "The offset relative to the bufferView in bytes.  Similar to vertexAttribPointer() pointer (ES) / offset (WebGL) parameter.",
            "minimum" : 0,
            "required" : true
        },
        "byteStride" : {
            "type" : "number",
            "description" : "The stride, in bytes, between attributes referenced by this accessor.  vertexAttribPointer() stride parameter.",
            "minimum" : 0,
            "maximum" : 255,
            "required" : true
        },
        "count" : {
            "type" : "number",
            "description" : "The number of attributes referenced by this accessor, not to be confused with the number of bytes or number of components.",
            "minimum" : 0,
            "required" : true
        },
        "type" : {
            "type" : "string",
            "description" : "vertexAttribPointer() type and size parameters.  Corresponding typed arrays: Int8Array, Uint8Array, Int16Array, Uint16Array, and Float32Array.",
            "enum" : ["BYTE", "BYTE_VEC2", "BYTE_VEC3", "BYTE_VEC4", "UNSIGNED_BYTE", "UNSIGNED_BYTE_VEC2", "UNSIGNED_BYTE_VEC3", "UNSIGNED_BYTE_VEC4", "SHORT", "SHORT_VEC2", "SHORT_VEC3", "SHORT_VEC4", "UNSIGNED_SHORT", "UNSIGNED_SHORT_VEC2", "UNSIGNED_SHORT_VEC3", "UNSIGNED_SHORT_VEC4", "FLOAT", "FLOAT_VEC2", "FLOAT_VEC3", "FLOAT_VEC4$"],
            "required" : true
        },
        "normalized" : {
            "type" : "boolean",
            "description" : "vertexAttribPointer() normalized parameter.",
            "default" : false
        },
        "max" : {
            "type" : "array",
            "description" : "Maximum value of each component in this attribute.",
            "items" : {
                "type" : "number"
            },
            "required" : true
        },
        "min" : {
            "type" : "array",
            "description" : "Minimum value of each component in this attribute.",
            "items" : {
                "type" : "number"
            },
            "required" : true
        },
        "extra" : {
            "type" : "any",
            "description" : "Optional application-specific data."
        }
    },
    "additionalProperties" : false
}
