{
    "$schema" : "http://json-schema.org/draft-03/schema",
    "title" : "mesh",
    "type" : "object",
    "description" : "TODO",
    "properties" : {
        "attributes" : {
            "description" : "TODO",
            "properties" : {
            },
            "additionalProperties" : {
                "$ref" : "meshAttribute.schema.json"
            }        
        },
        "name" : {
            "type" : "string",
            "description" : "The application-visible globally-unique name of this node."
        },
        "primitives" : {
            "type" : "array",
            "description" : "Primitives that form the geometry in this mesh.",
            "items" : {
                "$ref" : "primitive.schema.json"
            }
        },
        "extra" : {
            "type" : "any",
            "description" : "Optional application-specific data."
        }
    },
    "additionalProperties" : false
}
