{
    "$schema" : "http://json-schema.org/draft-03/schema",
    "title" : "node",
    "type" : "object",
    "description" : "A node in the model's node hierarchy.  Node can reference meshes, cameras, or lights.",
    "properties" : {
        "children" : {
            "type" : "array",
            "description" : "The node's children.  Each string in the array must match an existing id (JSON property name) in this model's nodes.  Children are affected by the node's matrix.",
            "items" : {
                "type" : "string"
            },
            "uniqueItems" : true
        },
        "matrix" : {
            "type" : "array",
            "description" : "A floating-point 4x4 transformation matrix stored in column-major order.  It is directly usable by uniformMatrix4fv with transpose equal to false.",
            "items" : {
                "type": "number"
            },
            "minItems" : 16,
            "maxItems" : 16
        },
        "meshes" : {
            "type" : "array",
            "description" : "The meshes that are part of this node.  Each string in the array must match an existing id (JSON property name) in this model's meshes.  Multiple meshes are allowed so each can share the same transform matrix.",
            "items" : {
                "type" : "string"
            },
            "uniqueItems" : true
        },
        "name" : {
            "type" : "string",
            "description" : "The application-visible globally-unique name of this node."
        },
        "extra" : {
            "type" : "any",
            "description" : "Optional application-specific data."
        }
    },
    "additionalProperties" : false
}
