{
    "$schema" : "http://json-schema.org/draft-03/schema",
    "title" : "perspective",
    "type" : "object",
    "description" : "A perspective camera.  These properties are used to create a perspective projection matrix.",
    "properties" : {
        "aspectRatio" : {
            "type" : "number",
            "description" : "The floating-point aspect ratio of the field of view.",
            "required" : true,
            "minimum" : 0.0
        },
        "yfov" : {
            "type" : "number",
            "description" : "The floating-point vertical field of view in radians.",
            "required" : true,
            "minimum" : 0.0
        },
        "zfar" : {
            "type" : "number",
            "description" : "The floating-point distance to the far clipping plane.",
            "minimum" : 0.0
        },
        "znear" : {
            "type" : "number",
            "description" : "The floating-point distance to the near clipping plane.",
            "minimum" : 0.0
        },
        "extra" : {
            "type" : "any",
            "description" : "Optional application-specific data."
        }
    },
    "additionalProperties" : false
}
