{
    "$schema" : "http://json-schema.org/draft-03/schema",
    "title" : "primitive",
    "type" : "object",
    "description" : "TODO",
    "properties" : {
        "indices" : {
            "$ref" : "indices.schema.json",
            "required" : true        
        },
        "material" : {
            "type" : "string",
            "description" : "Specifies the material to apply to this primitive when rendering.",
            "required" : true        
        },
        "primitive" : {
            "type" : "string",
            "description" : "Specifies what kind of primitives to render.",
            "enum" : ["POINTS", "LINE_STRIP", "LINE_LOOP", "LINES", "TRIANGLE_STRIP", "TRIANGLE_FAN", "TRIANGLES"],
            "required" : true
        },
        "semantics" : {
            "$ref" : "semantics.schema.json",
            "required" : true
        },
        "extra" : {
            "type" : "any",
            "description" : "Optional application-specific data."
        }
    },
    "additionalProperties" : false
}
