{
    "$schema" : "http://json-schema.org/draft-03/schema",
    "title" : "program",
    "type" : "object",
    "description" : "TODO",
    "properties": {
        "attributes" : {
            "type" : "array",
            "description" : "TODO",
            "items" : {
                "$ref" : "attribute.schema.json"
            },
            "minItems" : 1,
            "required" : true
        },
        "fragmentShader" : {
            "type" : "string",
            "description" : "The id (JSON property name) of the fragment shader referenced by this program.",
            "required" : true
        },
        "uniforms" : {
            "type" : "array",
            "description" : "TODO",
            "items" : {
                "$ref" : "uniform.schema.json"
            }
        },
        "vertexShader" : {
            "type" : "string",
            "description" : "The id (JSON property name) of the vertex shader referenced by this program.",
            "required" : true
        },
        "extra" : {
            "type" : "any",
            "description" : "Optional application-specific data."
        }
    },
    "additionalProperties" : false
}
