{
    "$schema" : "http://json-schema.org/draft-03/schema",
    "title" : "shader",
    "type" : "object",
    "description" : "A vertex or fragment shader.",
    "properties" : {
        "name" : {
            "type" : "string",
            "description" : "The application-visible globally-unique name of this node."
        },    
        "path" : {
            "type" : "string",
            "description" : "The URL of the GLSL source.  Relative URLs are relative to the .json file that references the shader.  Instead of referencing an external shader, the URL can also be a text/plain data URI.",
            "format" : "uri",
            "required" : true
        },
        "extra" : {
            "type" : "any",
            "description" : "Optional application-specific data."
        }
    },
    "additionalProperties" : false
}

