{
    "$schema" : "http://json-schema.org/draft-03/schema",
    "title" : "states",
    "type" : "object",
    "description" : "Contains all rendering states to set up for the parent pass.",
    "properties" : {
        "blendEnable" : {
            "type" : "boolean",
            "description" : "enable(BLEND) or disable(BLEND)",
            "default" : false
        },
        "blendEquation" : {
            "type" : "string",
            "description" : "blendEquation()",
            "enum" : ["FUNC_ADD", "FUNC_SUBTRACT", "FUNC_REVERSE_SUBTRACT"],
            "default" : "FUNC_ADD"
        },
        "blendEquationSeparate" : {
            "type" : "object",
            "description" : "blendEquationSeparate()",
            "properties" : {
                "rgb" : {
                    "type" : "string",
                    "description" : "blendEquationSeparate()",
                    "enum" : ["FUNC_ADD", "FUNC_SUBTRACT", "FUNC_REVERSE_SUBTRACT"],
                    "default" : "FUNC_ADD"
                },
                "alpha" : {
                    "type" : "string",
                    "description" : "blendEquationSeparate()",
                    "enum" : ["FUNC_ADD", "FUNC_SUBTRACT", "FUNC_REVERSE_SUBTRACT"],
                    "default" : "FUNC_ADD"
                }
            }
        },
        "blendFunc" : {
            "type" : "object",
            "description" : "blendFunc()",
            "properties" : {
                "sfactor" : {
                    "type" : "string",
                    "description" : "blendFunc()",
                    "enum" : ["ZERO","ONE", "SRC_COLOR", "ONE_MINUS_SRC_COLOR", "DST_COLOR", "ONE_MINUS_DST_COLOR", "SRC_ALPHA", "ONE_MINUS_SRC_ALPHA", "DST_ALPHA", "ONE_MINUS_DST_ALPHA", "CONSTANT_COLOR", "ONE_MINUS_CONSTANT_COLOR", "CONSTANT_ALPHA", "ONE_MINUS_CONSTANT_ALPHA", "SRC_ALPHA_SATURATE"],
                    "default" : "ONE"
                },
                "dfactor" : {
                    "type" : "string",
                    "description" : "blendFunc()",
                    "enum" : ["ZERO","ONE", "SRC_COLOR", "ONE_MINUS_SRC_COLOR", "DST_COLOR", "ONE_MINUS_DST_COLOR", "SRC_ALPHA", "ONE_MINUS_SRC_ALPHA", "DST_ALPHA", "ONE_MINUS_DST_ALPHA", "CONSTANT_COLOR", "ONE_MINUS_CONSTANT_COLOR", "CONSTANT_ALPHA", "ONE_MINUS_CONSTANT_ALPHA", "SRC_ALPHA_SATURATE"],
                    "default" : "ZERO"
                }
            }
        },		
        "blendFuncSeparate" : {
            "type" : "object",
            "description" : "blendFuncSeparate()",
            "properties" : {
                "srcRGB" : {
                    "type" : "string",
                    "description" : "blendFuncSeparate()",
                    "enum" : ["ZERO","ONE", "SRC_COLOR", "ONE_MINUS_SRC_COLOR", "DST_COLOR", "ONE_MINUS_DST_COLOR", "SRC_ALPHA", "ONE_MINUS_SRC_ALPHA", "DST_ALPHA", "ONE_MINUS_DST_ALPHA", "CONSTANT_COLOR", "ONE_MINUS_CONSTANT_COLOR", "CONSTANT_ALPHA", "ONE_MINUS_CONSTANT_ALPHA", "SRC_ALPHA_SATURATE"],
                    "default" : "ONE"
                },
                "srcAlpha" : {
                    "type" : "string",
                    "description" : "blendFuncSeparate()",
                    "enum" : ["ZERO","ONE", "SRC_COLOR", "ONE_MINUS_SRC_COLOR", "DST_COLOR", "ONE_MINUS_DST_COLOR", "SRC_ALPHA", "ONE_MINUS_SRC_ALPHA", "DST_ALPHA", "ONE_MINUS_DST_ALPHA", "CONSTANT_COLOR", "ONE_MINUS_CONSTANT_COLOR", "CONSTANT_ALPHA", "ONE_MINUS_CONSTANT_ALPHA", "SRC_ALPHA_SATURATE"],
                    "default" : "ONE"
                },
                "dstRGB" : {
                    "type" : "string",
                    "description" : "blendFuncSeparate()",
                    "enum" : ["ZERO","ONE", "SRC_COLOR", "ONE_MINUS_SRC_COLOR", "DST_COLOR", "ONE_MINUS_DST_COLOR", "SRC_ALPHA", "ONE_MINUS_SRC_ALPHA", "DST_ALPHA", "ONE_MINUS_DST_ALPHA", "CONSTANT_COLOR", "ONE_MINUS_CONSTANT_COLOR", "CONSTANT_ALPHA", "ONE_MINUS_CONSTANT_ALPHA", "SRC_ALPHA_SATURATE"],
                    "default" : "ZERO"
                },
                "dstAlpha" : {
                    "type" : "string",
                    "description" : "blendFuncSeparate()",
                    "enum" : ["ZERO","ONE", "SRC_COLOR", "ONE_MINUS_SRC_COLOR", "DST_COLOR", "ONE_MINUS_DST_COLOR", "SRC_ALPHA", "ONE_MINUS_SRC_ALPHA", "DST_ALPHA", "ONE_MINUS_DST_ALPHA", "CONSTANT_COLOR", "ONE_MINUS_CONSTANT_COLOR", "CONSTANT_ALPHA", "ONE_MINUS_CONSTANT_ALPHA", "SRC_ALPHA_SATURATE"],
                    "default" : "ZERO"
                }
            }
        },
        "colorMask" : {
            "type" : "object",
            "description" : "colorMask()",
            "properties" : {
                "red" : {
                    "type" : "boolean",
                    "description" : "colorMask()",
                    "default" : true
                },
                "green" : {
                    "type" : "boolean",
                    "description" : "colorMask()",
                    "default" : true
                },
                "blue" : {
                    "type" : "boolean",
                    "description" : "colorMask()",
                    "default" : true
                },
                "alpha" : {
                    "type" : "boolean",
                    "description" : "colorMask()",
                    "default" : true
                }
            }
        },    
        "cullFace" : {
            "type" : "string",
            "description" : "cullFace()",
            "enum" : ["FRONT", "BACK", "FRONT_AND_BACK"],
            "default" : "BACK"
        },
        "cullFaceEnable" : {
            "type" : "boolean",
            "description" : "enable(CULL_FACE) or disable(CULL_FACE)",
            "default" : false
        },
        "depthFunc" : {
            "type" : "string",
            "description" : "depthFunc()",
            "enum" : ["NEVER", "LESS", "LEQUAL", "EQUAL", "GREATER", "NOTEQUAL", "GEQUAL", "ALWAYS"],
            "default" : "LESS"
        },
        "depthMask" : {
            "type" : "boolean",
            "description" : "depthMask()",
            "default" : true
        },
        "depthRange" : {
            "type" : "object",
            "description" : "depthRange()",
            "properties" : {
                "zNear" : {
                    "type" : "number",
                    "description" : "depthRange()",
                    "default" : 0.0,
                    "minimum" : 0.0,
                    "maximum" : 1.0
                },			
                "zFar" : {
                    "type" : "number",
                    "description" : "depthRange()",
                    "default" : 1.0,
                    "minimum" : 0.0,
                    "maximum" : 1.0
                }		
            }		
        },
        "depthTestEnable" : {
            "type" : "boolean",
            "description" : "enable(DEPTH_TEST) or disable(DEPTH_TEST)",
            "default" : false
        },
        "ditherEnable" : {
            "type" : "boolean",
            "description" : "enable(DITHER) or disable(DITHER)",
            "default" : false
        },
        "frontFace" : {
            "type" : "string",
            "description" : "frontFace()",
            "enum" : ["CW,", "CCW"],
            "default" : "CCW"
        },
        "lineWidth" : {
            "type" : "number",
            "description" : "lineWidth()",
            "default" : 1.0,
            "minimum" : 0.0,
            "exclusiveMinimum" : true
        },
        "pointSize" : {
            "type" : "number",
            "description" : "gl_PointSize"
        },
        "polygonOffset" : {
            "type" : "object",
            "description" : "polygonOffset()",
            "properties" : {
                "factor" : {
                    "type" : "number",
                    "description" : "polygonOffset()",
                    "default" : 0.0
                },
                "units" : {
                    "type" : "number",
                    "description" : "polygonOffset()",
                    "default" : 0.0
                }
            }
        },
        "polygonOffsetFillEnable" : {
            "type" : "boolean",
            "description" : "enable(POLYGON_OFFSET_FILL) or disable(POLYGON_OFFSET_FILL)",
            "default" : false
        },
        "sampleAlphaToCoverageEnable" : {
            "type" : "boolean",
            "description" : "enable(SAMPLE_ALPHA_TO_COVERAGE) or disable(SAMPLE_ALPHA_TO_COVERAGE)",
            "default" : false
        },
        "sampleCoverage" : {
            "type" : "object",
            "description" : "sampleCoverage()",
            "properties" : {
                "value" : {
                    "type" : "number",
                    "description" : "sampleCoverage()",
                    "default" : 1.0,
                    "minimum" : 0.0,
                    "maximum" : 1.0
                },
                "invert" : {
                    "type" : "boolean",
                    "description" : "sampleCoverage()",
                    "default" : false
                }
            }			
        },
        "sampleCoverageEnable" : {
            "type" : "boolean",
            "description" : "enable(SAMPLE_COVERAGE) or disable(SAMPLE_COVERAGE)",
            "default" : false
        },
        "scissor" : {
            "type" : "object",
            "description" : "scissor()",
            "properties" : {
                "x" : {
                    "type" : "integer",
                    "description" : "scissor()",
                    "default" : 0
                },
                "y" : {
                    "type" : "integer",
                    "description" : "scissor()",
                    "default" : 0
                },
                "width" : {
                    "type" : "integer",
                    "description" : "scissor()",
                    "default" : 0
                },
                "height" : {
                    "type" : "integer",
                    "description" : "scissor()",
                    "default" : 0
                }
            }			
        },
        "scissorTestEnable" : {
            "type" : "boolean",
            "description" : "enable(SCISSOR_TEST) or disable(SCISSOR_TEST)",
            "default" : false
        },
        "stencilFunc" : {
            "type" : "object",
            "description" : "stencilFunc()",
            "properties" : {
                "func" : {
                    "type" : "string",
                    "description" : "stencilFunc()",
                    "enum" : ["NEVER", "LESS", "LEQUAL", "EQUAL", "GREATER", "NOTEQUAL", "GEQUAL", "ALWAYS"],
                    "default" : "ALWAYS"
                },
                "ref" : {
                    "type" : "integer",
                    "description" : "stencilFunc()",
                    "default" : 0,
                    "minimum" : 0
                },
                "mask" : {
                    "type" : "integer",
                    "description" : "stencilFunc().  The default is all ones."
                }
            }			
        },
        "stencilFuncSeparate" : {
            "type" : "object",
            "description" : "stencilFuncSeparate()",
            "properties" : {
                "front" : {
                    "type" : "string",
                    "description" : "stencilFuncSeparate()",
                    "enum" : ["NEVER", "LESS", "LEQUAL", "EQUAL", "GREATER", "NOTEQUAL", "GEQUAL", "ALWAYS"],
                    "default" : "ALWAYS"
                },
                "back" : {
                    "type" : "string",
                    "description" : "stencilFuncSeparate()",
                    "enum" : ["NEVER", "LESS", "LEQUAL", "EQUAL", "GREATER", "NOTEQUAL", "GEQUAL", "ALWAYS"],
                    "default" : "ALWAYS"
                },
                "ref" : {
                    "type" : "integer",
                    "description" : "stencilFuncSeparate()",
                    "default" : 0,
                    "minimum" : 0
                },
                "mask" : {
                    "type" : "integer",
                    "description" : "stencilFuncSeparate().  The default is all ones."
                }
            }			
        },
        "stencilMask" : {
            "type" : "integer",
            "description" : "stencilMask().  The default is all ones."
        },
        "stencilOp" : {
            "type" : "object",
            "description" : "stencilOp()",
            "properties" : {
                "fail" : {
                    "type" : "string",
                    "description" : "stencilOp()",
                    "enum" : ["KEEP", "ZERO", "REPLACE", "INCR", "DECR", "INVERT", "INCR_WRAP", "DECR_WRAP"],
                    "default" : "KEEP"
                },
                "zfail" : {
                    "type" : "string",
                    "description" : "stencilOp()",
                    "enum" : ["KEEP", "ZERO", "REPLACE", "INCR", "DECR", "INVERT", "INCR_WRAP", "DECR_WRAP"],
                    "default" : "KEEP"
                },
                "zpass" : {
                    "type" : "string",
                    "description" : "stencilOp()",
                    "enum" : ["KEEP", "ZERO", "REPLACE", "INCR", "DECR", "INVERT", "INCR_WRAP", "DECR_WRAP"],
                    "default" : "KEEP"
                }
            }		
        },
        "stencilOpSeparate" : {
            "type" : "object",
            "description" : "stencilOpSeparate()",
            "properties" : {
                "face" : {
                    "type" : "string",
                    "description" : "stencilOpSeparate()",
                    "enum" : ["FRONT", "BACK", "FRONT_AND_BACK"],
                    "default" : "FRONT_AND_BACK"
                },
                "fail" : {
                    "type" : "string",
                    "description" : "stencilOpSeparate()",
                    "enum" : ["KEEP", "ZERO", "REPLACE", "INCR", "DECR", "INVERT", "INCR_WRAP", "DECR_WRAP"],
                    "default" : "KEEP"
                },
                "zfail" : {
                    "type" : "string",
                    "description" : "stencilOpSeparate()",
                    "enum" : ["KEEP", "ZERO", "REPLACE", "INCR", "DECR", "INVERT", "INCR_WRAP", "DECR_WRAP"],
                    "default" : "KEEP"
                },
                "zpass" : {
                    "type" : "string",
                    "description" : "stencilOpSeparate()",
                    "enum" : ["KEEP", "ZERO", "REPLACE", "INCR", "DECR", "INVERT", "INCR_WRAP", "DECR_WRAP"],
                    "default" : "KEEP"
                }
            }		
        },
        "stencilTestEnable" : {
            "type" : "boolean",
            "description" : "enable(STENCIL_TEST) or disable(STENCIL_TEST)",
            "default" : false
        },
        "extra" : {
            "type" : "any",
            "description" : "Optional application-specific data."
        }
    },
    "additionalProperties" : false
}
