{
    "$schema" : "http://json-schema.org/draft-03/schema",
    "title" : "technique",
    "type" : "object",
    "description" : "TODO",
    "properties": {    
        "parameters" : {
	        "$ref" : "parameters.schema.json"
        },
        "pass" : {
            "$ref" : "pass.schema.json",
            "required" : true
        },
        "extra" : {
            "type" : "any",
            "description" : "Optional application-specific data."
        }
    },
    "additionalProperties" : false
}
