{
    "$schema" : "http://json-schema.org/draft-03/schema",
    "title" : "uniform",
    "type" : "object",
    "description" : "TODO",
    "properties": {
        "semantic" : {
            "type" : "string",
            "description" : "TODO"
        },    
        "symbol" : {
            "type" : "string",
            "description" : "TODO",
            "required" : true
        },    
        "type" : {
            "type" : "string",
            "description" : "TODO",
            "enum" : ["INT", "INT_VEC2", "INT_VEC3", "INTT_VEC4", "FLOAT", "FLOAT_VEC2", "FLOAT_VEC3", "FLOAT_VEC4", "FLOAT_MAT2", "FLOAT_MAT3", "FLOAT_MAT4", "BOOL", "BOOL_VEC2", "BOOL_VEC3", "BOOL_VEC4"],
            "required" : true
        },
        "extra" : {
            "type" : "any",
            "description" : "Optional application-specific data."
        }
    },
    "additionalProperties" : false
}
